<config_root>
    <match_list>
        <item key="Reference" value="sentaa" />
        <item key="Hips" value="kahanshin" />
        <item key="LeftUpLeg" value="hidariashi" />
        <item key="LeftLeg" value="hidarihiza" />
        <item key="LeftFoot" value="hidariashikubi" />
        <item key="RightUpLeg" value="migiashi" />
        <item key="RightLeg" value="migihiza" />
        <item key="RightFoot" value="migiashikubi" />
        <item key="Spine" value="jouhanshin" />
        <item key="LeftArm" value="hidariude" />
        <item key="LeftForeArm" value="hidarihiji" />
        <item key="LeftHand" value="hidaritekubi" />
        <item key="RightArm" value="migiude" />
        <item key="RightForeArm" value="migihiji" />
        <item key="RightHand" value="migitekubi" />
        <item key="Head" value="atama" />
        <item key="LeftToeBase" value="hidariashikubi" />
        <item key="RightToeBase" value="migiashikubi" />
        <item key="LeftShoulder" value="hidarikata" />
        <item key="RightShoulder" value="migikata" />
        <item key="Neck" value="kubi" />
        <item key="LeftFingerBase" value="hidaritekubi" />
        <item key="RightFingerBase" value="migitekubi" />
        <item key="Spine1" value="jouhanshin2" />
        <item key="Spine2" value="jouhanshin3" />
        <item key="Spine3" value="jouhanshin4" />
        <item key="Spine4" value="jouhanshin5" />
        <item key="Spine5" value="jouhanshin6" />
        <item key="Spine6" value="jouhanshin7" />
        <item key="Spine7" value="jouhanshin8" />
        <item key="Spine8" value="jouhanshin9" />
        <item key="Spine9" value="jouhanshin10" />
        <item key="Neck1" value="Neck1" />
        <item key="Neck2" value="Neck2" />
        <item key="Neck3" value="Neck3" />
        <item key="Neck4" value="Neck4" />
        <item key="Neck5" value="Neck5" />
        <item key="Neck6" value="Neck6" />
        <item key="Neck7" value="Neck7" />
        <item key="Neck8" value="Neck8" />
        <item key="Neck9" value="Neck9" />
        <item key="LeftUpLegRoll" value="hidariashimojiri" />
        <item key="LeftLegRoll" value="hidariashikubimojiri" />
        <item key="RightUpLegRoll" value="migiashimojiri" />
        <item key="RightLegRoll" value="migiashikubimojiri" />
        <item key="LeftArmRoll" value="hidariudemojiri" />
        <item key="LeftForeArmRoll" value="hidaritemojiri" />
        <item key="RightArmRoll" value="migiudemojiri" />
        <item key="RightForeArmRoll" value="migitemojiri" />
        <item key="HipsTranslation" value="HipsTranslation" />
        <item key="LeftHandThumb1" value="hidarioyayubi0" />
        <item key="LeftHandThumb2" value="hidarioyayubi1" />
        <item key="LeftHandThumb3" value="hidarioyayubi2" />
        <item key="LeftHandThumb4" value="hidarioyayubisaki" />
        <item key="LeftHandIndex1" value="hidarininyubi1" />
        <item key="LeftHandIndex2" value="hidarininyubi2" />
        <item key="LeftHandIndex3" value="hidarininyubi3" />
        <item key="LeftHandIndex4" value="hidarihitosashiyubisaki" />
        <item key="LeftHandMiddle1" value="hidarinakayubi1" />
        <item key="LeftHandMiddle2" value="hidarinakayubi2" />
        <item key="LeftHandMiddle3" value="hidarinakayubi3" />
        <item key="LeftHandMiddle4" value="hidarinakayubisaki" />
        <item key="LeftHandRing1" value="hidarikusuriyubi1" />
        <item key="LeftHandRing2" value="hidarikusuriyubi2" />
        <item key="LeftHandRing3" value="hidarikusuriyubi3" />
        <item key="LeftHandRing4" value="hidarikusuriyubisaki" />
        <item key="LeftHandPinky1" value="hidarikoyubi1" />
        <item key="LeftHandPinky2" value="hidarikoyubi2" />
        <item key="LeftHandPinky3" value="hidarikoyubi3" />
        <item key="LeftHandPinky4" value="hidarikoyubisaki" />
        <item key="LeftHandExtraFinger1" value="LeftHandExtraFinger1" />
        <item key="LeftHandExtraFinger2" value="LeftHandExtraFinger2" />
        <item key="LeftHandExtraFinger3" value="LeftHandExtraFinger3" />
        <item key="LeftHandExtraFinger4" value="LeftHandExtraFinger4" />
        <item key="RightHandThumb1" value="migioyayubi0" />
        <item key="RightHandThumb2" value="migioyayubi1" />
        <item key="RightHandThumb3" value="migioyayubi2" />
        <item key="RightHandThumb4" value="migioyayubisaki" />
        <item key="RightHandIndex1" value="migininyubi1" />
        <item key="RightHandIndex2" value="migininyubi2" />
        <item key="RightHandIndex3" value="migininyubi3" />
        <item key="RightHandIndex4" value="migihitosashiyubisaki" />
        <item key="RightHandMiddle1" value="miginakayubi1" />
        <item key="RightHandMiddle2" value="miginakayubi2" />
        <item key="RightHandMiddle3" value="miginakayubi3" />
        <item key="RightHandMiddle4" value="miginakayubisaki" />
        <item key="RightHandRing1" value="migikusuriyubi1" />
        <item key="RightHandRing2" value="migikusuriyubi2" />
        <item key="RightHandRing3" value="migikusuriyubi3" />
        <item key="RightHandRing4" value="migikusuriyubisaki" />
        <item key="RightHandPinky1" value="migikoyubi1" />
        <item key="RightHandPinky2" value="migikoyubi2" />
        <item key="RightHandPinky3" value="migikoyubi3" />
        <item key="RightHandPinky4" value="migikoyubisaki" />
        <item key="RightHandExtraFinger1" value="RightHandExtraFinger1" />
        <item key="RightHandExtraFinger2" value="RightHandExtraFinger2" />
        <item key="RightHandExtraFinger3" value="RightHandExtraFinger3" />
        <item key="RightHandExtraFinger4" value="RightHandExtraFinger4" />
        <item key="LeftFootThumb1" value="LeftFootThumb1" />
        <item key="LeftFootThumb2" value="LeftFootThumb2" />
        <item key="LeftFootThumb3" value="LeftFootThumb3" />
        <item key="LeftFootThumb4" value="LeftFootThumb4" />
        <item key="LeftFootIndex1" value="LeftFootIndex1" />
        <item key="LeftFootIndex2" value="LeftFootIndex2" />
        <item key="LeftFootIndex3" value="LeftFootIndex3" />
        <item key="LeftFootIndex4" value="LeftFootIndex4" />
        <item key="LeftFootMiddle1" value="LeftFootMiddle1" />
        <item key="LeftFootMiddle2" value="LeftFootMiddle2" />
        <item key="LeftFootMiddle3" value="LeftFootMiddle3" />
        <item key="LeftFootMiddle4" value="LeftFootMiddle4" />
        <item key="LeftFootRing1" value="LeftFootRing1" />
        <item key="LeftFootRing2" value="LeftFootRing2" />
        <item key="LeftFootRing3" value="LeftFootRing3" />
        <item key="LeftFootRing4" value="LeftFootRing4" />
        <item key="LeftFootPinky1" value="LeftFootPinky1" />
        <item key="LeftFootPinky2" value="LeftFootPinky2" />
        <item key="LeftFootPinky3" value="LeftFootPinky3" />
        <item key="LeftFootPinky4" value="LeftFootPinky4" />
        <item key="LeftFootExtraFinger1" value="LeftFootExtraFinger1" />
        <item key="LeftFootExtraFinger2" value="LeftFootExtraFinger2" />
        <item key="LeftFootExtraFinger3" value="LeftFootExtraFinger3" />
        <item key="LeftFootExtraFinger4" value="LeftFootExtraFinger4" />
        <item key="RightFootThumb1" value="RightFootThumb1" />
        <item key="RightFootThumb2" value="RightFootThumb2" />
        <item key="RightFootThumb3" value="RightFootThumb3" />
        <item key="RightFootThumb4" value="RightFootThumb4" />
        <item key="RightFootIndex1" value="RightFootIndex1" />
        <item key="RightFootIndex2" value="RightFootIndex2" />
        <item key="RightFootIndex3" value="RightFootIndex3" />
        <item key="RightFootIndex4" value="RightFootIndex4" />
        <item key="RightFootMiddle1" value="RightFootMiddle1" />
        <item key="RightFootMiddle2" value="RightFootMiddle2" />
        <item key="RightFootMiddle3" value="RightFootMiddle3" />
        <item key="RightFootMiddle4" value="RightFootMiddle4" />
        <item key="RightFootRing1" value="RightFootRing1" />
        <item key="RightFootRing2" value="RightFootRing2" />
        <item key="RightFootRing3" value="RightFootRing3" />
        <item key="RightFootRing4" value="RightFootRing4" />
        <item key="RightFootPinky1" value="RightFootPinky1" />
        <item key="RightFootPinky2" value="RightFootPinky2" />
        <item key="RightFootPinky3" value="RightFootPinky3" />
        <item key="RightFootPinky4" value="RightFootPinky4" />
        <item key="RightFootExtraFinger1" value="RightFootExtraFinger1" />
        <item key="RightFootExtraFinger2" value="RightFootExtraFinger2" />
        <item key="RightFootExtraFinger3" value="RightFootExtraFinger3" />
        <item key="RightFootExtraFinger4" value="RightFootExtraFinger4" />
        <item key="LeftInHandThumb" value="LeftInHandThumb" />
        <item key="LeftInHandIndex" value="LeftInHandIndex" />
        <item key="LeftInHandMiddle" value="LeftInHandMiddle" />
        <item key="LeftInHandRing" value="LeftInHandRing" />
        <item key="LeftInHandPinky" value="LeftInHandPinky" />
        <item key="LeftInHandExtraFinger" value="LeftInHandExtraFinger" />
        <item key="RightInHandThumb" value="RightInHandThumb" />
        <item key="RightInHandIndex" value="RightInHandIndex" />
        <item key="RightInHandMiddle" value="RightInHandMiddle" />
        <item key="RightInHandRing" value="RightInHandRing" />
        <item key="RightInHandPinky" value="RightInHandPinky" />
        <item key="RightInHandExtraFinger" value="RightInHandExtraFinger" />
        <item key="LeftInFootThumb" value="LeftInFootThumb" />
        <item key="LeftInFootIndex" value="LeftInFootIndex" />
        <item key="LeftInFootMiddle" value="LeftInFootMiddle" />
        <item key="LeftInFootRing" value="LeftInFootRing" />
        <item key="LeftInFootPinky" value="LeftInFootPinky" />
        <item key="LeftInFootExtraFinger" value="LeftInFootExtraFinger" />
        <item key="RightInFootThumb" value="RightInFootThumb" />
        <item key="RightInFootIndex" value="RightInFootIndex" />
        <item key="RightInFootMiddle" value="RightInFootMiddle" />
        <item key="RightInFootRing" value="RightInFootRing" />
        <item key="RightInFootPinky" value="RightInFootPinky" />
        <item key="RightInFootExtraFinger" value="RightInFootExtraFinger" />
        <item key="LeftShoulderExtra" value="LeftShoulderExtra" />
        <item key="RightShoulderExtra" value="RightShoulderExtra" />
    </match_list>
</config_root>
